1,1,18.9650,0.0990,1.0880,0.3690,19.3390
1,9,19.3310,0.0990,1.0470,0.3550,19.7650
1,13,19.0670,0.0990,1.1120,0.3500,19.4860
1,19,19.0010,0.0990,1.0500,0.3450,19.3790
1,20,19.0310,0.0990,1.0430,0.3490,19.4070
2,6,18.1355,0.8010,0.9200,0.3295,37.0060
2,11,16.9280,0.7040,0.8745,0.3105,34.6660
2,13,16.8115,0.7885,0.9095,0.3105,34.4410
2,15,17.2215,0.7110,0.8705,0.2950,35.2060
2,16,17.5055,0.7830,0.9220,0.3090,35.9110
3,9,17.2167,1.0127,0.8110,0.2697,52.7720
3,12,17.4303,1.1057,0.7833,0.2623,53.5050
3,15,17.0543,1.0100,0.7867,0.2783,52.3220
3,16,17.2017,1.1287,0.8020,0.2783,52.6920
3,17,17.7523,1.0113,0.8133,0.2767,54.3520
4,1,17.2145,1.2133,0.6808,0.2287,70.3110
4,8,17.2655,1.2557,0.7133,0.2375,70.8340
4,11,17.2043,1.3723,0.7262,0.2455,70.8250
4,15,16.3733,1.2325,0.7000,0.2385,67.0050
4,18,17.3190,1.2485,0.7668,0.2722,70.7640
5,2,15.5772,1.3168,0.6672,0.2198,79.7840
5,7,16.2450,1.3516,0.6424,0.2190,83.1470
5,10,16.1564,1.2782,0.6494,0.2066,82.6540
5,11,15.7948,1.2912,0.6344,0.2116,80.8990
5,17,15.6676,1.2736,0.6302,0.2132,80.2630
6,1,16.2340,1.4057,0.6138,0.2112,99.7610
6,2,15.9323,1.2820,0.5833,0.1885,97.9650
6,11,18.5558,1.5268,0.6520,0.2222,113.8490
6,13,15.8230,1.3137,0.5953,0.1957,97.2150
6,19,15.7702,1.3642,0.6133,0.1988,96.9560
7,5,15.4194,1.2867,0.5743,0.1886,110.5710
7,6,15.2777,1.2571,0.5664,0.1823,109.5450
7,8,15.2619,1.2753,0.5526,0.1746,109.5860
7,14,15.5946,1.3274,0.5727,0.1833,111.8470
7,15,16.3654,1.2967,0.6259,0.2093,117.1830
8,2,15.1299,1.2610,0.5389,0.1668,123.9970
8,14,15.6140,1.2834,0.5510,0.1701,127.9310
8,15,15.1184,1.2468,0.5275,0.1663,123.8270
8,16,15.1008,1.2652,0.5464,0.1754,123.9970
8,19,15.0853,1.2621,0.5526,0.1751,123.6410
9,6,15.2002,1.3041,0.5197,0.1612,140.3960
9,8,15.3001,1.3271,0.5333,0.1656,141.1860
9,17,15.3171,1.2711,0.5373,0.1703,141.4210
9,18,15.8019,1.3756,0.5407,0.1714,145.7770
9,19,15.0476,1.2793,0.5194,0.1667,139.0440
10,1,14.4004,1.2409,0.5061,0.1589,147.8600
10,8,14.9892,1.2469,0.5209,0.1683,153.8000
10,11,15.2081,1.3125,0.5022,0.1573,156.4010
10,15,14.5641,1.2197,0.4985,0.1573,149.3100
10,18,14.3576,1.2451,0.5041,0.1603,147.5400
11,1,13.7755,1.2194,0.4733,0.1502,155.8340
11,7,15.0853,1.2860,0.4969,0.1570,170.1840
11,13,16.9025,1.4421,0.5504,0.1752,190.6060
11,15,18.7664,1.7683,0.5824,0.1909,212.4810
11,19,14.5437,1.2947,0.5010,0.1599,164.3070
12,3,13.1278,1.1706,0.4737,0.1525,161.9350
12,6,12.8363,1.1920,0.4632,0.1414,158.5410
12,9,12.8423,1.1513,0.4614,0.1433,158.4550
12,16,16.7722,1.3539,0.4929,0.1540,206.3330
12,18,16.0559,1.4720,0.5136,0.1628,198.0340
13,3,15.0818,1.3028,0.4728,0.1478,201.4180
13,4,17.2234,1.4462,0.5046,0.1637,229.7270
13,7,16.0112,1.4516,0.5345,0.1785,213.8990
13,9,18.5742,1.6892,0.5464,0.1908,247.9620
13,18,13.5929,1.1926,0.4639,0.1487,181.6430
14,2,13.2966,1.2304,0.4334,0.1371,191.8600
14,10,13.5435,1.2420,0.4619,0.1477,195.1450
14,17,13.6510,1.2529,0.4501,0.1442,196.7440
14,19,12.9419,1.1381,0.4436,0.1484,186.4480
14,20,12.8234,1.1986,0.4385,0.1359,184.8790
15,1,16.1737,1.4711,0.4625,0.1509,249.7870
15,2,17.7005,1.5901,0.5079,0.1659,273.2670
15,9,12.3890,1.1056,0.4197,0.1358,191.3380
15,14,12.4467,1.0950,0.4335,0.1361,192.3740
15,16,12.6023,1.1471,0.4387,0.1385,194.7840
16,2,12.1451,1.1077,0.4253,0.1288,200.2020
16,3,12.2312,1.0814,0.4094,0.1294,201.6880
16,10,13.1862,1.1861,0.4299,0.1362,217.5040
16,14,11.9237,1.0856,0.4071,0.1331,196.8940
16,19,12.0123,1.0619,0.4073,0.1317,198.3900
17,2,11.7116,1.0794,0.4048,0.1291,205.2880
17,4,11.9018,1.1181,0.4054,0.1250,208.7270
17,6,11.8535,1.0768,0.4216,0.1421,207.9820
17,7,11.8407,1.1163,0.4005,0.1276,207.9650
17,16,11.8632,1.1046,0.4225,0.1339,208.0890
18,3,11.6862,1.0186,0.3978,0.1264,217.1130
18,4,11.4593,1.0588,0.3963,0.1235,213.1170
18,7,11.3223,1.0277,0.3987,0.1256,210.6180
18,14,11.5393,1.0273,0.3957,0.1246,214.4380
18,19,11.4712,1.0821,0.3979,0.1245,213.2470
19,1,11.2156,1.0737,0.4068,0.1306,220.4930
19,9,11.2507,1.0441,0.3873,0.1237,220.6930
19,12,11.2444,1.0166,0.3983,0.1233,220.7330
19,14,11.2980,1.0576,0.3947,0.1233,221.8510
19,20,11.6425,1.0396,0.3881,0.1225,228.3350
20,4,10.9782,0.9798,0.3857,0.1194,226.8740
20,9,11.1035,1.0377,0.3884,0.1225,229.9010
20,11,10.9817,1.0117,0.3896,0.1206,227.2830
20,16,11.0213,1.0240,0.3826,0.1199,227.9370
20,17,11.1670,0.9921,0.3906,0.1258,230.6760
21,1,11.0814,1.0485,0.3930,0.1298,240.5520
21,5,10.8550,1.0038,0.3806,0.1191,235.9660
21,11,10.7271,1.0027,0.3844,0.1158,233.0200
21,14,10.7446,1.0145,0.3830,0.1188,233.7130
21,16,10.9377,0.9798,0.3776,0.1208,237.4670
22,5,10.5368,0.9778,0.3729,0.1323,239.9850
22,7,10.7697,0.9886,0.3802,0.1169,245.0580
22,14,10.8136,1.0414,0.3864,0.1241,246.0070
22,15,10.8900,1.0033,0.3902,0.1298,248.4640
22,16,10.8168,1.0545,0.3754,0.1187,246.3580
23,2,10.4200,0.9975,0.3714,0.1200,248.2750
23,6,10.5869,0.9893,0.3789,0.1202,252.4400
23,9,10.5766,0.9817,0.3773,0.1199,251.8150
23,16,10.6889,0.9790,0.3651,0.1159,254.7580
23,17,10.5047,0.9816,0.3741,0.1163,250.2940
24,2,10.5859,0.9883,0.3685,0.1166,263.9960
24,3,10.2760,0.9669,0.3707,0.1157,255.8660
24,7,10.4920,0.9940,0.3769,0.1234,261.1750
24,10,10.4255,0.9619,0.3805,0.1205,259.2050
24,14,10.3968,1.0075,0.3685,0.1188,258.8370
25,5,10.1218,0.9688,0.3580,0.1120,262.5430
25,11,10.2366,0.9502,0.3604,0.1113,265.8780
25,12,10.2430,0.9360,0.3670,0.1179,265.2710
25,17,10.5164,0.9349,0.3734,0.1183,272.3080
25,20,10.2957,0.9513,0.3639,0.1169,266.9360
26,1,10.1726,0.9554,0.3532,0.1110,273.9860
26,4,10.2552,0.9932,0.3635,0.1145,276.7860
26,6,10.0252,0.9337,0.3589,0.1171,270.4750
26,8,9.8871,0.9167,0.3638,0.1153,266.8660
26,18,10.3689,0.9499,0.3648,0.1133,279.6430
27,2,9.9984,0.9249,0.3641,0.1164,279.9930
27,4,9.8698,0.8934,0.3532,0.1137,276.5370
27,8,9.9155,0.9435,0.3565,0.1125,277.9470
27,9,10.1274,0.9554,0.3573,0.1114,283.7070
27,18,9.9797,0.9307,0.3593,0.1142,279.6310
28,7,10.4862,0.9732,0.3715,0.1195,305.0250
28,10,10.0170,0.9306,0.3761,0.1200,291.0710
28,17,10.5015,0.9907,0.3664,0.1179,305.0380
28,18,9.8948,0.9166,0.3493,0.1094,287.4290
28,19,10.1955,0.9439,0.3630,0.1134,295.9900
29,1,9.9832,0.8982,0.3473,0.1117,300.3900
29,2,10.0822,0.9325,0.3739,0.1245,303.4690
29,4,10.0530,0.9590,0.3545,0.1127,303.1230
29,9,9.7933,0.8962,0.3509,0.1119,294.9400
29,14,9.6810,0.9146,0.3504,0.1098,291.5980
30,7,9.4580,0.9060,0.3475,0.1104,295.0020
30,10,10.9990,1.0535,0.3808,0.1246,342.4410
30,14,9.4503,0.8801,0.3482,0.1078,294.9160
30,15,9.5615,0.9003,0.3466,0.1078,298.4500
30,18,9.6559,0.8846,0.3468,0.1090,300.6380
31,2,9.4467,0.8643,0.3461,0.1141,304.4300
31,3,9.5075,0.8888,0.3442,0.1097,306.8110
31,9,9.4603,0.8867,0.3479,0.1119,304.9700
31,14,9.4248,0.8659,0.3408,0.1081,303.6990
31,16,9.2908,0.8829,0.3467,0.1098,299.6060
32,3,9.3682,0.8802,0.3442,0.1059,311.6550
32,8,9.2237,0.8733,0.3404,0.1078,307.0190
32,9,9.4239,0.8770,0.3370,0.1092,313.5680
32,17,9.2788,0.8798,0.3477,0.1092,308.8380
32,20,9.2981,0.8602,0.3436,0.1081,309.3660
33,3,9.1139,0.8600,0.3401,0.1086,313.0540
33,5,9.0746,0.8713,0.3367,0.1060,311.9550
33,6,9.1677,0.8793,0.3409,0.1055,315.0470
33,12,9.2848,0.8840,0.3360,0.1074,319.2220
33,15,9.1992,0.8907,0.3406,0.1091,316.2430
34,1,9.1263,0.8746,0.3364,0.1066,323.3610
34,4,9.1961,0.8771,0.3386,0.1073,325.5660
34,6,9.0570,0.8475,0.3373,0.1053,320.8240
34,11,9.2428,0.8778,0.3484,0.1137,327.1600
34,14,9.1562,0.8404,0.3361,0.1049,323.9200
35,2,8.8949,0.8443,0.3352,0.1068,324.6620
35,5,8.8914,0.8310,0.3346,0.1065,324.1790
35,6,8.8814,0.8362,0.3283,0.1047,323.8810
35,7,8.9446,0.8436,0.3342,0.1053,326.1250
35,8,8.9704,0.8357,0.3350,0.1072,326.8970
36,2,8.9142,0.8241,0.3243,0.1022,334.3390
36,8,8.9358,0.8226,0.3259,0.1038,335.1540
36,9,8.8312,0.8227,0.3279,0.1031,331.1370
36,10,8.7867,0.8286,0.3262,0.1042,329.5500
36,15,8.8351,0.8142,0.3214,0.1020,331.3850
37,1,8.8317,0.8253,0.3275,0.1042,341.0260
37,3,8.7659,0.8168,0.3268,0.1031,337.9680
37,8,8.9252,0.8918,0.3255,0.1028,344.2090
37,12,9.0233,0.8614,0.3406,0.1088,348.1220
37,15,8.8212,0.8458,0.3295,0.1045,340.4960
38,1,8.6114,0.8141,0.3221,0.1023,341.5010
38,7,8.8429,0.8064,0.3216,0.1019,350.0980
38,9,8.7214,0.7902,0.3235,0.1020,345.2350
38,12,8.8424,0.8134,0.3243,0.1016,350.0550
38,13,8.5848,0.8091,0.3212,0.1008,340.2570
39,9,8.7287,0.8407,0.3213,0.1020,355.0730
39,12,8.6431,0.8190,0.3290,0.1069,351.5120
39,13,8.6291,0.8181,0.3236,0.1031,351.7360
39,14,8.7926,0.8143,0.3229,0.1024,357.5810
39,18,8.6330,0.8055,0.3256,0.1041,351.0060
40,2,8.7220,0.8084,0.3212,0.1012,363.6560
40,4,8.5946,0.8004,0.3220,0.1053,358.9520
40,9,8.5337,0.7906,0.3229,0.1015,356.0640
40,15,8.5069,0.7973,0.3185,0.1007,355.0050
40,17,8.5053,0.7926,0.3181,0.1013,354.8180
41,1,8.4726,0.7975,0.3220,0.1017,362.5830
41,2,8.6696,0.7882,0.3253,0.1042,370.7510
41,5,8.4013,0.8008,0.3168,0.1011,359.6810
41,16,8.4106,0.7839,0.3212,0.1010,359.9580
41,17,8.6094,0.8110,0.3223,0.1019,368.6350
42,1,8.4555,0.8040,0.3259,0.1030,371.1730
42,4,8.5065,0.7889,0.3243,0.1030,373.1020
42,8,8.4003,0.7860,0.3211,0.1017,368.4980
42,9,8.6393,0.8122,0.3262,0.1041,378.7360
42,16,8.3701,0.7890,0.3179,0.1022,367.8720
43,2,8.4309,0.8190,0.3312,0.1068,378.6920
43,4,8.3810,0.8126,0.3221,0.1047,376.9180
43,9,8.3932,0.8069,0.3195,0.1000,377.3190
43,10,8.5232,0.8214,0.3166,0.1004,383.1480
43,15,8.5754,0.8182,0.3223,0.1026,385.3920
44,3,8.3805,0.7926,0.3128,0.0998,385.3450
44,11,8.3738,0.7908,0.3173,0.1008,385.1300
44,12,8.2667,0.7879,0.3122,0.0992,381.1790
44,15,8.2821,0.7872,0.3162,0.0988,380.8070
44,19,8.3542,0.7806,0.3158,0.0988,384.2200
45,3,8.5691,0.7886,0.3142,0.1006,403.0270
45,4,8.2499,0.7730,0.3114,0.0977,388.1260
45,5,8.1738,0.7649,0.3128,0.0988,384.5700
45,6,8.2691,0.7803,0.3234,0.1032,388.6010
45,10,8.1175,0.7517,0.3080,0.0996,381.8540
46,9,8.2460,0.7875,0.3123,0.0991,397.1020
46,11,8.2561,0.7794,0.3108,0.0966,397.0950
46,12,8.1963,0.7687,0.3121,0.0994,394.5930
46,17,8.1469,0.7908,0.3157,0.1008,391.7910
46,19,8.3152,0.7708,0.3177,0.1007,399.8660
47,5,7.9917,0.7564,0.3146,0.1011,393.0050
47,8,8.2647,0.7755,0.3194,0.1023,405.9330
47,10,8.0217,0.7499,0.3098,0.0987,394.4700
47,12,9.1746,0.8782,0.3361,0.1069,450.2110
47,17,8.4265,0.7855,0.3215,0.1002,414.2740
48,4,8.0573,0.7787,0.3129,0.0984,404.8570
48,5,9.1294,0.8946,0.3395,0.1082,459.3310
48,7,8.0469,0.7716,0.3157,0.1009,404.9470
48,10,8.1449,0.7816,0.3062,0.0975,409.0380
48,20,8.0629,0.7713,0.3111,0.0983,405.6820
49,4,7.9735,0.7713,0.3117,0.0983,408.9630
49,7,8.3519,0.7835,0.3211,0.1011,428.7410
49,9,7.9736,0.7505,0.3109,0.0989,409.3250
49,17,8.0839,0.7497,0.3177,0.1010,414.4780
49,20,7.9470,0.7581,0.3084,0.0974,407.9660
50,5,7.9857,0.7508,0.3103,0.0975,417.4790
50,6,8.0814,0.7652,0.3133,0.1016,423.3040
50,8,8.0114,0.7634,0.3151,0.0994,419.6910
50,10,7.9269,0.7514,0.3101,0.0969,415.1710
50,16,7.9130,0.7615,0.3091,0.0980,414.5660
51,2,7.9837,0.7758,0.3110,0.0977,426.8160
51,3,7.9332,0.7431,0.3117,0.0976,423.8940
51,9,7.8333,0.7322,0.3075,0.0970,418.3370
51,12,7.8542,0.7497,0.3112,0.0986,419.6930
51,18,8.1349,0.7652,0.3142,0.1008,434.4060
52,1,7.6944,0.7250,0.3083,0.0973,419.2710
52,2,8.1194,0.7654,0.3156,0.1015,442.8410
52,9,8.4356,0.7947,0.3231,0.1026,459.3480
52,11,8.1959,0.7688,0.3178,0.1020,447.4850
52,18,7.6573,0.7318,0.3066,0.0960,417.6450
53,4,7.6780,0.7306,0.3029,0.0961,426.5810
53,7,7.6508,0.7319,0.3048,0.0962,425.5870
53,13,7.7446,0.7631,0.3090,0.0970,430.7920
53,16,7.6049,0.7252,0.3036,0.0953,422.4790
53,19,7.9219,0.7396,0.3102,0.0966,439.9910
54,3,7.5895,0.7336,0.3023,0.0961,430.3360
54,8,7.5741,0.7145,0.3024,0.0947,429.3110
54,12,7.5883,0.7374,0.3032,0.0952,429.6510
54,14,7.5536,0.7316,0.2979,0.0961,428.1300
54,19,7.5573,0.7230,0.2991,0.0956,429.3430
55,5,7.8922,0.7368,0.3000,0.0953,454.4900
55,11,7.5643,0.7219,0.2989,0.0931,436.6010
55,13,8.0393,0.7921,0.3183,0.1016,464.1030
55,17,7.5818,0.7205,0.3028,0.0959,437.7760
55,20,7.6219,0.7305,0.3015,0.0950,440.2220
56,1,7.5963,0.7150,0.3013,0.0945,446.3190
56,5,7.6377,0.7420,0.2980,0.0948,449.3320
56,12,7.6355,0.7209,0.2972,0.0954,448.3060
56,16,7.6504,0.7153,0.2966,0.0961,449.0620
56,19,7.5744,0.7165,0.2980,0.0950,444.4690
57,9,7.6464,0.7262,0.3008,0.0966,457.8100
57,17,7.6099,0.7273,0.3026,0.0963,455.8800
57,18,7.5241,0.7226,0.3009,0.0958,450.7200
57,19,7.4484,0.7144,0.2954,0.0946,445.6630
57,20,7.4603,0.7183,0.2968,0.0947,446.9330
58,3,7.5414,0.7243,0.2983,0.0928,459.4190
58,7,7.5826,0.7356,0.3028,0.0968,462.1750
58,9,7.5299,0.7125,0.2942,0.0959,458.4870
58,16,7.4704,0.7125,0.3024,0.0952,455.0270
58,20,7.4883,0.7244,0.3011,0.0965,456.7470
59,8,7.6888,0.7236,0.2949,0.0951,476.9910
59,9,7.5488,0.7209,0.2955,0.0942,467.7820
59,13,7.5508,0.7352,0.2945,0.0935,468.8340
59,17,7.9693,0.7642,0.3092,0.0978,494.0800
59,20,7.5261,0.7138,0.3025,0.0949,466.2220
60,1,7.5212,0.7071,0.2942,0.0928,473.6860
60,5,7.5665,0.7176,0.2997,0.0945,476.3790
60,6,7.6877,0.7429,0.3032,0.0957,484.9530
60,9,7.5859,0.7276,0.3037,0.0960,478.1960
60,14,7.6122,0.7326,0.2978,0.0940,479.9680
61,5,7.3746,0.6918,0.2900,0.0918,472.2470
61,6,7.3844,0.6971,0.2929,0.0934,473.1700
61,7,7.4168,0.7094,0.2954,0.0944,475.3260
61,15,7.4714,0.7127,0.2921,0.0918,478.8650
61,17,7.4960,0.7306,0.2960,0.0943,480.4680
62,4,7.6131,0.7097,0.2974,0.0959,495.4230
62,8,7.5163,0.7429,0.3009,0.0960,489.4890
62,9,7.4061,0.7063,0.2979,0.0948,482.5940
62,13,7.4519,0.7193,0.2951,0.0950,485.7300
62,15,7.4543,0.7201,0.2952,0.0938,486.6360
63,1,7.2912,0.7020,0.2921,0.0940,485.8930
63,6,7.3066,0.7126,0.2897,0.0915,483.7700
63,10,7.2982,0.6973,0.2907,0.0943,483.2090
63,17,7.2841,0.6992,0.2924,0.0925,482.3800
63,19,7.3221,0.7176,0.2949,0.0947,485.4960
64,2,7.2730,0.7206,0.2972,0.0933,489.8410
64,6,7.2781,0.6832,0.2877,0.0927,489.6400
64,10,7.2216,0.6903,0.2892,0.0918,486.4550
64,15,7.3019,0.7013,0.2890,0.0925,491.6050
64,20,7.4175,0.6983,0.2984,0.0964,499.7400
65,4,7.3734,0.6895,0.2922,0.0932,504.2060
65,8,7.3831,0.7025,0.2941,0.0949,504.6710
65,9,7.2575,0.7138,0.2892,0.0919,496.2340
65,13,7.2863,0.6932,0.2971,0.0939,498.2300
65,20,7.3247,0.7098,0.2905,0.0936,501.1830
66,6,7.3135,0.6997,0.2913,0.0925,507.9860
66,13,7.2148,0.6755,0.2918,0.0920,501.2780
66,14,7.2849,0.7049,0.2933,0.0925,505.7910
66,17,7.2305,0.6862,0.2982,0.0964,501.9380
66,20,7.2777,0.6952,0.2876,0.0913,505.5350
67,1,7.1211,0.6967,0.2920,0.0936,502.1580
67,3,7.3895,0.7129,0.2919,0.0941,521.6670
67,7,7.1559,0.6775,0.2927,0.0929,504.4330
67,13,7.1706,0.6878,0.2891,0.0922,506.3360
67,16,7.1477,0.6892,0.2891,0.0918,504.3110
68,5,7.1937,0.6964,0.2966,0.0953,515.4200
68,7,7.0514,0.6931,0.2873,0.0925,505.2990
68,9,7.1165,0.6819,0.2880,0.0918,509.4960
68,16,7.2515,0.6815,0.2911,0.0940,519.5140
68,17,7.1928,0.6884,0.2901,0.0931,514.7660
69,3,7.0083,0.6769,0.2840,0.0905,509.7480
69,7,7.1492,0.6953,0.2882,0.0914,519.2150
69,8,7.1056,0.6862,0.2884,0.0932,516.9220
69,12,7.0976,0.6767,0.2895,0.0907,515.5760
69,20,7.2011,0.7033,0.2931,0.0957,523.2700
70,1,7.2091,0.6981,0.2902,0.0924,531.5820
70,6,7.0196,0.6583,0.2867,0.0921,518.2490
70,12,6.9282,0.6657,0.2836,0.0910,511.7740
70,14,7.0125,0.6811,0.2898,0.0913,517.3790
70,18,6.9558,0.6720,0.2870,0.0929,513.7150
71,1,7.2775,0.6909,0.2903,0.0931,543.7200
71,7,7.3611,0.6981,0.2955,0.0935,549.3570
71,9,6.9842,0.6736,0.2867,0.0909,522.7670
71,13,6.9853,0.6714,0.2873,0.0909,523.2930
71,15,6.9282,0.6687,0.2852,0.0912,518.9460
72,2,7.2062,0.7020,0.2898,0.0923,547.2700
72,8,6.8846,0.6739,0.2855,0.0906,523.7730
72,9,6.9854,0.6873,0.2873,0.0921,530.1790
72,14,7.4915,0.7333,0.2964,0.0963,568.7570
72,19,7.1869,0.7130,0.2953,0.0935,545.7580
73,1,7.0391,0.6829,0.2847,0.0906,541.7010
73,2,7.0314,0.6717,0.2911,0.0929,540.6360
73,4,7.0893,0.7043,0.2910,0.0930,546.5350
73,6,6.9360,0.6672,0.2869,0.0910,533.5780
73,11,8.1953,0.8015,0.3280,0.1081,630.8300
74,2,8.1980,0.7978,0.3288,0.1048,639.1130
74,5,7.9326,0.7851,0.3212,0.1057,619.4830
74,16,7.7914,0.7441,0.3144,0.1026,607.4760
74,18,7.5371,0.7374,0.3129,0.1004,588.3340
74,20,8.0208,0.7816,0.3277,0.1051,625.9650
75,2,8.2191,0.7843,0.3257,0.1050,649.5540
75,4,7.7933,0.7446,0.3159,0.1013,615.8550
75,11,8.0084,0.7801,0.3265,0.1045,633.7780
75,17,7.4849,0.7302,0.3096,0.0984,592.4350
75,18,7.9301,0.7746,0.3202,0.1021,627.6890
76,3,7.4379,0.7100,0.3062,0.0981,596.1670
76,12,7.2568,0.7408,0.2996,0.0974,583.5690
76,14,7.4357,0.7192,0.3072,0.0982,596.1670
76,17,7.9508,0.7665,0.3201,0.1046,637.7010
76,18,7.5513,0.7217,0.3064,0.0992,606.0580
77,5,7.9653,0.7836,0.3288,0.1064,647.9840
77,10,7.4496,0.7229,0.3117,0.1001,604.8990
77,15,7.9771,0.7615,0.3255,0.1058,647.9260
77,16,7.9186,0.7639,0.3224,0.1046,643.7590
77,19,8.0513,0.7682,0.3266,0.1047,653.9760
78,8,7.4285,0.7183,0.3051,0.0981,611.2620
78,10,7.3625,0.7063,0.3064,0.0978,606.2850
78,13,7.2475,0.7093,0.2861,0.0904,595.9820
78,14,6.8968,0.6775,0.2822,0.0909,568.0720
78,18,6.6809,0.6503,0.2744,0.0883,550.4130
79,4,6.6851,0.6484,0.2812,0.0887,558.4950
79,6,6.6801,0.6274,0.2826,0.0897,557.3680
79,10,6.7355,0.6884,0.2802,0.0892,562.5620
79,11,6.7051,0.6490,0.2800,0.0901,559.5390
79,15,6.6800,0.6418,0.2791,0.0885,557.8040
80,1,6.6246,0.6378,0.2788,0.0887,560.0300
80,2,6.6426,0.6336,0.2778,0.0907,561.1170
80,9,6.5768,0.6336,0.2794,0.0887,559.6140
80,11,6.6482,0.6455,0.2777,0.0901,563.1490
80,19,6.6440,0.6503,0.2769,0.0891,562.0820
81,4,6.6145,0.6434,0.2830,0.0921,566.1900
81,5,6.6893,0.6400,0.2836,0.0947,572.1670
81,10,6.7426,0.6587,0.2827,0.0907,577.0440
81,15,7.0470,0.6890,0.2885,0.0929,603.6730
81,19,7.8732,0.7884,0.3130,0.1033,676.6130
82,3,6.5557,0.6334,0.2781,0.0885,568.2000
82,6,6.5257,0.6286,0.2764,0.0890,565.7800
82,8,6.4932,0.6245,0.2734,0.0876,563.1890
82,10,6.5070,0.6245,0.2741,0.0885,563.9020
82,20,6.6357,0.6681,0.2781,0.0909,575.4940
83,3,6.5660,0.6563,0.2792,0.0886,576.7130
83,10,6.5401,0.6377,0.2771,0.0902,574.0630
83,12,6.6852,0.6431,0.2801,0.0893,586.0300
83,13,6.5487,0.6363,0.2748,0.0879,575.0310
83,19,6.5478,0.6405,0.2747,0.0876,575.2090
84,4,6.5380,0.6249,0.2729,0.0877,580.8830
84,10,6.5133,0.6202,0.2764,0.0881,578.5890
84,11,6.5687,0.6388,0.2759,0.0885,583.0070
84,15,6.4308,0.6235,0.2730,0.0878,571.4850
84,17,6.4898,0.6319,0.2768,0.0893,577.7420
85,1,6.5599,0.6325,0.2738,0.0865,589.4740
85,5,6.5232,0.6254,0.2714,0.0870,587.3270
85,6,6.4978,0.6282,0.2723,0.0867,583.8490
85,11,6.4866,0.6140,0.2712,0.0882,583.0740
85,15,6.5410,0.6246,0.2743,0.0891,588.3470
86,1,6.5045,0.6276,0.2704,0.0871,591.9110
86,4,6.4874,0.6419,0.2754,0.0889,590.6920
86,9,6.4841,0.6300,0.2744,0.0893,589.9610
86,17,6.4460,0.6264,0.2745,0.0878,586.8790
86,20,6.4086,0.6180,0.2719,0.0861,582.8440
87,4,6.4198,0.6121,0.2710,0.0867,591.5330
87,5,6.4706,0.6256,0.2708,0.0868,595.3280
87,12,6.5102,0.6357,0.2740,0.0870,599.0400
87,15,6.5311,0.6290,0.2719,0.0877,601.5490
87,19,6.5070,0.6216,0.2759,0.0888,598.6980
88,4,6.4229,0.6329,0.2763,0.0868,598.0770
88,5,6.4134,0.6246,0.2736,0.0858,597.4630
88,7,6.4058,0.6231,0.2739,0.0874,597.0440
88,13,6.5656,0.6190,0.2765,0.0887,610.3290
88,15,6.4687,0.6500,0.2762,0.0883,602.6380
89,5,6.4316,0.6159,0.2712,0.0859,605.5310
89,6,6.4407,0.6166,0.2711,0.0873,607.9950
89,8,6.3600,0.6100,0.2734,0.0864,599.5850
89,16,6.4055,0.6298,0.2755,0.0879,604.1650
89,19,6.4050,0.6041,0.2764,0.0880,603.7140
90,2,6.3803,0.6173,0.2752,0.0883,608.4180
90,9,6.3994,0.6227,0.2733,0.0882,609.4450
90,14,6.3880,0.6188,0.2717,0.0859,608.6410
90,17,6.3906,0.6131,0.2722,0.0863,608.9910
90,20,6.3776,0.6158,0.2717,0.0861,608.0640
91,5,6.3499,0.6031,0.2705,0.0864,611.5450
91,7,6.3109,0.6131,0.2720,0.0861,608.2470
91,9,6.4348,0.6201,0.2739,0.0880,619.9290
91,11,6.3414,0.6130,0.2716,0.0879,611.8340
91,16,6.3038,0.6117,0.2727,0.0879,607.8380
92,2,6.3240,0.6146,0.2715,0.0880,615.9990
92,3,6.2996,0.6104,0.2698,0.0862,613.9800
92,10,6.3324,0.6339,0.2715,0.0867,618.2520
92,16,6.3432,0.6110,0.2765,0.0883,622.5690
92,19,6.3093,0.6185,0.2711,0.0864,615.1350
93,1,6.2749,0.6130,0.2712,0.0869,619.1490
93,2,6.2679,0.6066,0.2723,0.0875,617.9170
93,6,6.3099,0.6042,0.2725,0.0874,621.9480
93,10,6.3155,0.6243,0.2789,0.0904,622.7150
93,11,6.3188,0.6008,0.2700,0.0870,622.2200
94,4,6.2103,0.5983,0.2691,0.0866,618.6270
94,9,6.5271,0.6324,0.2791,0.0895,649.4120
94,11,6.3499,0.6196,0.2769,0.0893,632.9480
94,17,6.4933,0.6290,0.2749,0.0889,646.4600
94,18,6.5932,0.6463,0.2807,0.0918,656.9480
95,3,6.7398,0.6624,0.2825,0.0900,678.1750
95,5,6.5758,0.6508,0.2762,0.0886,662.0420
95,6,6.7006,0.6685,0.2793,0.0901,674.5710
95,7,6.5360,0.6351,0.2811,0.0902,657.9160
95,15,6.5830,0.6478,0.2841,0.0937,662.8310
96,5,6.8192,0.6464,0.2833,0.0918,692.6710
96,8,6.3828,0.6317,0.2735,0.0880,649.7510
96,12,6.2088,0.5979,0.2659,0.0856,636.8630
96,13,6.4066,0.6249,0.2744,0.0882,651.8640
96,19,6.2141,0.6052,0.2680,0.0865,632.5140
97,6,6.2011,0.6032,0.2669,0.0857,638.2440
97,7,6.1540,0.6020,0.2668,0.0859,633.8170
97,11,6.2574,0.6182,0.2715,0.0880,644.2880
97,19,6.1718,0.6070,0.2691,0.0875,634.7620
97,20,6.1623,0.6025,0.2667,0.0853,633.9220
98,7,6.4677,0.6127,0.2732,0.0879,671.9530
98,8,6.3648,0.6127,0.2754,0.0901,661.7920
98,14,6.4442,0.6254,0.2790,0.0900,670.0620
98,15,6.4058,0.6214,0.2737,0.0878,665.3020
98,20,6.1719,0.5904,0.2705,0.0873,641.5360
99,9,6.1663,0.6068,0.2665,0.0843,647.4440
99,12,6.1778,0.5907,0.2654,0.0851,648.7220
99,15,6.0738,0.5979,0.2651,0.0854,638.0380
99,16,6.0812,0.5956,0.2650,0.0851,638.8910
99,18,6.0601,0.5904,0.2662,0.0851,641.5360
100,4,6.1224,0.5874,0.2647,0.0845,649.5210
100,5,6.1797,0.5906,0.2700,0.0868,655.5360
100,8,6.1449,0.5990,0.2678,0.0865,652.2950
100,9,6.1381,0.5991,0.2641,0.0876,650.6320
100,17,6.1584,0.6014,0.2674,0.0857,653.6790
101,3,6.1856,0.6052,0.2690,0.0857,662.2890
101,4,6.0965,0.5970,0.2646,0.0851,655.2310
101,8,6.0962,0.6027,0.2665,0.0849,653.8690
101,11,6.1204,0.5946,0.2649,0.0853,656.0100
101,14,6.1400,0.5939,0.2665,0.0856,657.8080
102,1,6.0946,0.5937,0.2636,0.0843,659.7900
102,2,6.1129,0.5909,0.2643,0.0878,661.3560
102,6,6.1133,0.5952,0.2661,0.0860,661.5970
102,9,6.1361,0.5946,0.2657,0.0864,664.0610
102,16,6.0998,0.5869,0.2622,0.0857,660.2600
103,5,6.1068,0.5994,0.2697,0.0864,667.4590
103,6,6.0828,0.5948,0.2632,0.0847,664.6110
103,13,6.1029,0.5771,0.2640,0.0849,667.0310
103,14,6.5786,0.6579,0.2823,0.0910,718.8060
103,15,6.4462,0.6139,0.2723,0.0875,703.5250
104,12,6.2224,0.6102,0.2703,0.0876,687.0170
104,13,6.4156,0.6245,0.2714,0.0876,707.5260
104,15,6.1193,0.6012,0.2659,0.0858,676.1520
104,17,6.1704,0.5926,0.2699,0.0869,680.9210
104,18,6.5893,0.6233,0.2690,0.0869,725.3160
105,6,6.1029,0.5864,0.2649,0.0874,680.0040
105,12,6.2572,0.6201,0.2714,0.0870,698.4900
105,13,6.3308,0.6249,0.2754,0.0896,705.7490
105,17,6.3154,0.6238,0.2707,0.0899,704.9050
105,20,6.0950,0.5901,0.2658,0.0842,679.6870
106,2,6.2054,0.6055,0.2668,0.0849,698.3560
106,9,6.1493,0.5965,0.2672,0.0867,692.2410
106,13,6.7519,0.6570,0.2746,0.0895,757.1490
106,17,7.5887,0.7835,0.2973,0.0982,852.1650
106,20,6.9846,0.6799,0.2868,0.0939,783.9810
107,2,8.0844,0.8357,0.3078,0.1041,917.4900
107,6,7.7839,0.8063,0.3073,0.1048,884.9720
107,8,8.5808,0.9009,0.3164,0.1078,972.8310
107,12,7.5465,0.7166,0.2895,0.0954,853.0120
107,15,7.1199,0.7003,0.2900,0.0939,806.8680
108,1,7.2044,0.7111,0.2923,0.0964,824.6170
108,14,6.0030,0.5886,0.2615,0.0850,689.0020
108,18,6.0826,0.5891,0.2614,0.0842,698.2870
108,19,6.0370,0.5827,0.2611,0.0851,692.2120
108,20,5.9240,0.5736,0.2605,0.0846,679.7940
109,1,6.2323,0.6211,0.2726,0.0894,721.5110
109,3,5.7723,0.5498,0.2576,0.0838,668.7780
109,10,5.8439,0.5708,0.2610,0.0851,677.4520
109,14,5.8102,0.5565,0.2583,0.0833,673.6720
109,15,5.8271,0.5591,0.2591,0.0838,674.9430
110,6,5.9171,0.5694,0.2599,0.0837,692.2450
110,8,5.8573,0.5614,0.2597,0.0845,684.8120
110,11,5.7571,0.5501,0.2562,0.0823,673.7450
110,14,5.7823,0.5571,0.2561,0.0836,676.5220
110,17,5.7497,0.5546,0.2577,0.0834,674.4680
111,5,5.7782,0.5547,0.2584,0.0835,682.1160
111,13,5.7584,0.5625,0.2598,0.0837,680.5130
111,14,5.7729,0.5522,0.2573,0.0833,681.3190
111,17,5.7743,0.5632,0.2572,0.0827,681.8790
111,19,5.7657,0.5531,0.2601,0.0827,680.4540
112,2,5.9430,0.5744,0.2645,0.0855,708.3240
112,3,6.0613,0.5899,0.2702,0.0882,722.7450
112,17,6.7345,0.6411,0.2744,0.0933,798.4920
112,19,5.8928,0.5694,0.2594,0.0847,702.0970
112,20,5.9892,0.5818,0.2676,0.0884,713.5450
113,2,5.8596,0.5706,0.2632,0.0844,705.2530
113,11,6.2988,0.6001,0.2662,0.0866,755.1770
113,12,6.0994,0.6018,0.2684,0.0871,733.8940
113,14,6.2785,0.6114,0.2691,0.0881,754.9480
113,15,6.3857,0.6393,0.2742,0.0920,766.9710
114,1,6.6616,0.6312,0.2723,0.0924,805.4840
114,2,6.6094,0.6222,0.2682,0.0880,799.3970
114,4,6.8945,0.6716,0.2784,0.0927,833.3830
114,15,5.9975,0.5637,0.2608,0.0845,726.7060
114,17,5.9939,0.5821,0.2592,0.0857,727.9490
115,3,6.3338,0.5973,0.2672,0.0869,774.8420
115,9,6.1840,0.5868,0.2659,0.0874,755.5390
115,10,5.9516,0.5687,0.2591,0.0842,727.7810
115,12,6.4395,0.6083,0.2726,0.0894,788.4860
115,20,6.8264,0.6450,0.2900,0.0955,833.4480
116,2,6.0747,0.5701,0.2682,0.0859,748.8830
116,3,5.9231,0.5722,0.2606,0.0854,731.6540
116,10,5.9068,0.5679,0.2616,0.0849,730.1300
116,15,5.9581,0.5627,0.2608,0.0833,735.1860
116,17,5.8955,0.5704,0.2607,0.0856,728.3510
117,4,6.0349,0.5723,0.2650,0.0867,751.5670
117,10,6.4707,0.6278,0.2716,0.0895,804.3950
117,12,6.3315,0.5912,0.2709,0.0891,786.7400
117,15,6.2720,0.5999,0.2649,0.0874,779.4330
117,17,6.3360,0.6066,0.2656,0.0866,786.5020
118,1,6.2637,0.6008,0.2643,0.0878,785.4660
118,15,5.8827,0.5765,0.2614,0.0849,740.7060
118,16,5.9561,0.5668,0.2615,0.0855,748.1810
118,17,5.8799,0.5613,0.2594,0.0843,738.2010
118,19,5.9101,0.5665,0.2630,0.0847,743.4970
119,9,6.3228,0.5966,0.2662,0.0881,800.5740
119,12,6.4838,0.6223,0.2686,0.0893,820.1950
119,14,6.1201,0.5997,0.2654,0.0874,775.5790
119,15,6.0333,0.6001,0.2639,0.0879,765.0930
119,20,5.9111,0.5756,0.2599,0.0838,748.5370
120,8,5.7784,0.5593,0.2617,0.0849,738.9820
120,9,6.1590,0.5797,0.2658,0.0871,785.5290
120,12,6.1841,0.5886,0.2641,0.0877,788.5310
120,13,6.0599,0.5758,0.2657,0.0853,773.3410
120,18,5.9998,0.5656,0.2610,0.0840,765.4840
121,2,5.8325,0.5638,0.2570,0.0830,752.8570
121,6,5.8499,0.5543,0.2584,0.0838,754.6180
121,17,5.8516,0.5720,0.2578,0.0845,753.7980
121,18,5.9403,0.5700,0.2614,0.0852,765.0910
121,20,5.7519,0.5507,0.2573,0.0824,741.5010
122,6,5.9360,0.5565,0.2594,0.0848,770.2080
122,7,5.8979,0.5649,0.2598,0.0842,766.5570
122,11,5.8761,0.5583,0.2577,0.0844,763.6160
122,18,5.7679,0.5617,0.2568,0.0839,750.4140
122,19,5.8240,0.5611,0.2580,0.0847,756.7330
123,5,5.7604,0.5551,0.2589,0.0839,755.2960
123,6,5.8203,0.5664,0.2593,0.0852,762.4390
123,9,5.8977,0.5543,0.2591,0.0844,771.1570
123,13,5.9064,0.5628,0.2597,0.0845,776.1570
123,15,6.0850,0.5555,0.2572,0.0834,795.2140
124,4,5.8907,0.5631,0.2563,0.0839,777.5830
124,6,5.8395,0.5600,0.2572,0.0835,771.3210
124,8,5.9399,0.5763,0.2581,0.0849,784.9790
124,16,5.8398,0.5645,0.2588,0.0843,771.0330
124,20,5.8155,0.5559,0.2598,0.0844,767.5820
125,1,5.8860,0.5622,0.2575,0.0848,783.7220
125,2,6.2711,0.6232,0.2755,0.0909,837.3470
125,5,5.8043,0.5668,0.2611,0.0856,773.6230
125,6,5.8130,0.5582,0.2597,0.0856,775.7310
125,12,5.7498,0.5494,0.2566,0.0840,766.4710
126,1,6.3963,0.6384,0.2785,0.0925,859.6800
126,4,5.7629,0.5507,0.2595,0.0857,774.1690
126,7,6.0048,0.5777,0.2678,0.0862,805.5210
126,11,6.0186,0.5744,0.2664,0.0876,808.8370
126,20,6.1983,0.6080,0.2731,0.0886,831.7900
127,1,6.2616,0.6073,0.2714,0.0891,846.0630
127,2,5.9855,0.5901,0.2675,0.0880,810.2530
127,4,5.9329,0.5779,0.2643,0.0860,802.8920
127,10,6.3793,0.5986,0.2688,0.0883,861.5120
127,19,6.0228,0.5739,0.2656,0.0856,813.9780
128,3,6.1757,0.5746,0.2666,0.0879,841.7720
128,4,6.2635,0.5901,0.2680,0.0879,851.9770
128,9,6.0012,0.5841,0.2656,0.0875,819.2690
128,17,6.1161,0.5953,0.2675,0.0892,833.8710
128,20,6.0412,0.5825,0.2663,0.0881,828.2420
129,6,5.8593,0.5639,0.2625,0.0848,805.8790
129,7,5.8284,0.5618,0.2638,0.0871,801.5220
129,8,5.8343,0.5715,0.2640,0.0867,802.6800
129,10,5.7606,0.5483,0.2608,0.0860,792.9340
129,19,6.0318,0.5774,0.2650,0.0871,828.6200
130,1,6.0696,0.5858,0.2674,0.0881,841.2320
130,5,5.8478,0.5700,0.2623,0.0864,811.0780
130,7,5.8153,0.5609,0.2602,0.0857,806.3530
130,11,6.2184,0.5945,0.2615,0.0877,859.6500
130,18,5.7976,0.5636,0.2642,0.0869,804.1920
131,3,5.9385,0.5634,0.2623,0.0857,828.6280
131,7,5.8835,0.5651,0.2620,0.0864,822.0100
131,10,5.9303,0.5765,0.2644,0.0880,827.9240
131,12,5.7157,0.5498,0.2589,0.0842,798.3700
131,19,5.7635,0.5542,0.2608,0.0841,805.3150
132,6,5.7386,0.5535,0.2618,0.0867,809.0160
132,12,5.5141,0.5206,0.2510,0.0821,776.7500
132,13,5.6594,0.5375,0.2537,0.0829,796.1590
132,19,5.5510,0.5351,0.2531,0.0836,782.0670
132,20,5.6211,0.5420,0.2584,0.0847,791.8200
133,4,5.5643,0.5345,0.2566,0.0839,789.9590
133,11,5.6102,0.5406,0.2550,0.0846,796.8040
133,13,5.5418,0.5304,0.2534,0.0829,786.1390
133,15,5.5211,0.5247,0.2530,0.0828,784.3880
133,16,5.5779,0.5252,0.2510,0.0827,790.8340
134,4,5.6625,0.5351,0.2542,0.0823,809.2110
134,5,5.6839,0.5545,0.2544,0.0839,812.1020
134,6,5.5805,0.5319,0.2516,0.0820,798.2730
134,18,5.6046,0.5240,0.2520,0.0825,800.7630
134,20,5.5984,0.5240,0.2519,0.0816,799.8340
135,2,5.6741,0.5386,0.2537,0.0826,823.0280
135,14,5.6436,0.5377,0.2518,0.0824,813.4410
135,15,5.6344,0.5284,0.2510,0.0825,810.4860
135,19,5.4491,0.5156,0.2530,0.0825,785.0600
135,20,5.5708,0.5212,0.2493,0.0817,802.4850
136,1,5.7165,0.5260,0.2553,0.0839,829.0680
136,9,5.5916,0.5298,0.2504,0.0819,810.9750
136,13,5.5564,0.5219,0.2497,0.0813,805.9630
136,15,5.5621,0.5288,0.2507,0.0815,807.8580
136,18,5.5337,0.5228,0.2517,0.0819,802.8310
137,1,5.6248,0.5235,0.2539,0.0834,822.3670
137,2,5.5695,0.5308,0.2514,0.0837,814.9930
137,4,5.5479,0.5242,0.2495,0.0817,810.9800
137,5,5.6771,0.5381,0.2524,0.0830,829.7990
137,16,5.6371,0.5230,0.2503,0.0814,822.8750
138,2,5.6184,0.5266,0.2525,0.0832,828.2280
138,4,5.5755,0.5281,0.2506,0.0824,821.0680
138,8,6.0066,0.5626,0.2575,0.0850,883.1570
138,13,6.0419,0.5712,0.2650,0.0866,888.2120
138,14,5.7115,0.5446,0.2575,0.0851,841.2190
139,2,6.1071,0.5756,0.2659,0.0870,903.0220
139,4,5.5925,0.5399,0.2549,0.0837,830.4060
139,8,5.6286,0.5347,0.2553,0.0841,836.5540
139,11,5.6162,0.5387,0.2562,0.0835,835.0160
139,15,5.6403,0.5374,0.2588,0.0849,836.9280
140,2,5.4218,0.5090,0.2509,0.0819,810.9010
140,8,5.5464,0.5243,0.2554,0.0838,832.7510
140,12,5.6076,0.5421,0.2551,0.0834,838.1680
140,13,5.4790,0.5277,0.2507,0.0825,820.3430
140,17,5.4702,0.5303,0.2506,0.0813,818.7630
141,7,5.5259,0.5280,0.2505,0.0825,832.3420
141,9,5.5557,0.5320,0.2524,0.0831,836.8220
141,11,5.4723,0.5265,0.2514,0.0817,824.5520
141,12,5.5064,0.5225,0.2498,0.0821,829.3020
141,17,5.5523,0.5224,0.2525,0.0844,836.6620
142,5,5.4728,0.5212,0.2490,0.0820,830.4510
142,6,5.5347,0.5258,0.2518,0.0829,839.4060
142,9,5.4344,0.5165,0.2496,0.0813,824.0640
142,10,5.5091,0.5210,0.2529,0.0828,835.7660
142,18,5.5777,0.5281,0.2515,0.0821,845.5990
143,3,5.4429,0.5237,0.2502,0.0827,832.4970
143,8,5.4963,0.5292,0.2522,0.0837,839.6630
143,12,5.5675,0.5249,0.2557,0.0838,850.6560
143,14,5.5100,0.5233,0.2510,0.0830,842.8420
143,18,5.4601,0.5245,0.2508,0.0831,834.2020
144,6,5.6303,0.5319,0.2528,0.0834,865.4750
144,8,5.4507,0.5232,0.2499,0.0830,838.4630
144,10,5.4281,0.5210,0.2498,0.0819,835.1810
144,17,5.5317,0.5354,0.2517,0.0827,851.3450
144,20,5.4935,0.5174,0.2496,0.0822,844.7530
145,3,5.3741,0.5175,0.2481,0.0816,833.2450
145,5,5.5980,0.5285,0.2518,0.0834,866.5400
145,6,5.4887,0.5156,0.2482,0.0820,850.5680
145,9,5.4400,0.5149,0.2484,0.0810,842.8640
145,17,5.5859,0.5404,0.2494,0.0827,864.8180
146,1,5.5976,0.5302,0.2514,0.0831,872.5200
146,3,5.4828,0.5142,0.2468,0.0807,854.3570
146,10,5.3384,0.5109,0.2452,0.0804,832.8140
146,12,5.6626,0.5359,0.2547,0.0853,883.1590
146,18,7.5433,0.7461,0.3071,0.1048,1178.6590
147,1,5.7937,0.5576,0.2614,0.0864,909.8220
147,2,5.6077,0.5422,0.2535,0.0840,880.7120
147,3,5.4738,0.5201,0.2509,0.0836,860.2890
147,9,5.4149,0.5222,0.2530,0.0833,851.6300
147,14,5.4808,0.5251,0.2516,0.0836,861.8430
148,1,5.6959,0.5203,0.2507,0.0841,898.9010
148,5,5.4790,0.5218,0.2494,0.0831,866.7510
148,7,5.4714,0.5190,0.2484,0.0823,865.1880
148,11,5.7639,0.5442,0.2543,0.0850,909.9580
148,18,5.5717,0.5281,0.2528,0.0837,880.2950
149,1,5.8791,0.5662,0.2613,0.0874,937.0350
149,2,5.5430,0.5284,0.2527,0.0826,882.4330
149,9,5.4178,0.5149,0.2489,0.0819,863.2650
149,10,5.5459,0.5321,0.2520,0.0836,882.9210
149,13,5.5954,0.5303,0.2516,0.0829,890.0170
150,4,5.3988,0.5138,0.2536,0.0831,868.2350
150,10,5.3510,0.5169,0.2487,0.0817,859.1740
150,14,5.5412,0.5269,0.2523,0.0841,889.1170
150,15,5.4575,0.5224,0.2498,0.0826,874.9650
150,19,5.4589,0.5161,0.2525,0.0833,876.1630
151,1,5.4215,0.5192,0.2506,0.0823,875.7800
151,2,5.4927,0.5168,0.2491,0.0823,886.9330
151,12,5.3609,0.5151,0.2503,0.0825,866.2580
151,16,5.4841,0.5181,0.2536,0.0841,886.8930
151,18,5.4974,0.5181,0.2516,0.0837,887.4600
152,1,5.4336,0.5229,0.2512,0.0825,883.7770
152,7,5.4107,0.5146,0.2493,0.0826,880.7210
152,10,5.4816,0.5220,0.2506,0.0827,891.2120
152,14,5.4574,0.5258,0.2712,0.0836,888.0090
152,19,5.7995,0.5616,0.2602,0.0872,942.4620
153,10,6.4145,0.6273,0.2763,0.0935,1048.8570
153,13,7.4696,0.6774,0.2844,0.0952,1210.4080
153,14,7.9647,0.7216,0.2874,0.0972,1289.3070
153,17,8.4819,0.7702,0.3002,0.1036,1376.1180
153,19,6.9215,0.6858,0.2831,0.0963,1130.2420
154,1,6.3392,0.6252,0.2794,0.0924,1043.6090
154,6,6.6800,0.6387,0.2808,0.0946,1095.9920
154,7,6.5397,0.6351,0.2793,0.0953,1076.3600
154,14,6.4223,0.6186,0.2763,0.0922,1055.4670
154,20,6.2601,0.6263,0.2740,0.0921,1030.3470
155,1,6.4600,0.6379,0.2781,0.0963,1069.0500
155,12,7.6479,0.6888,0.2825,0.0958,1255.7350
155,15,6.4234,0.6264,0.2842,0.0954,1064.1280
155,17,6.4732,0.6372,0.2798,0.0941,1072.3650
155,19,6.5421,0.6446,0.2857,0.0957,1085.3360
156,1,6.5193,0.6462,0.2834,0.0959,1086.5060
156,2,6.2924,0.6181,0.2776,0.0923,1049.9310
156,7,6.3507,0.6231,0.2818,0.0942,1059.6320
156,14,6.3932,0.6290,0.2801,0.0938,1065.3720
156,18,6.2773,0.5933,0.2840,0.0952,1048.2180
157,2,6.2879,0.5979,0.2847,0.0968,1056.9790
157,5,6.3673,0.6044,0.2824,0.0936,1068.9160
157,8,6.2133,0.5988,0.2830,0.0946,1044.4290
157,13,6.1270,0.5842,0.2831,0.0941,1030.9070
157,17,6.1839,0.5947,0.2817,0.0939,1038.8740
158,2,6.2873,0.6028,0.2856,0.0955,1063.1790
158,9,6.1072,0.5938,0.2818,0.0945,1034.7040
158,10,6.4105,0.6182,0.2912,0.0986,1086.4750
158,14,6.6140,0.6233,0.2849,0.0954,1115.2600
158,16,6.1866,0.5948,0.2807,0.0937,1046.0430
159,1,6.2139,0.5954,0.2841,0.0947,1058.5270
159,9,6.2009,0.5963,0.2843,0.0950,1056.4250
159,11,5.5419,0.5336,0.2532,0.0830,942.6760
159,15,5.4582,0.5158,0.2545,0.0830,929.5060
159,16,5.4421,0.5216,0.2504,0.0838,926.3990
160,5,5.3905,0.5157,0.2521,0.0843,923.7170
160,6,5.4947,0.5302,0.2555,0.0848,941.5860
160,11,5.4060,0.5188,0.2519,0.0827,926.8200
160,13,5.5738,0.5313,0.2536,0.0851,954.8380
160,19,5.4362,0.5166,0.2518,0.0847,931.8360
161,4,5.4396,0.5118,0.2489,0.0828,937.6780
161,10,5.5264,0.5299,0.2536,0.0838,952.9320
161,12,5.4400,0.5241,0.2481,0.0831,938.2500
161,14,5.3533,0.5123,0.2525,0.0839,923.4570
161,20,5.4528,0.5292,0.2523,0.0839,939.3490
162,2,5.4358,0.5362,0.2506,0.0827,942.8320
162,9,5.2964,0.5093,0.2483,0.0826,919.5790
162,10,5.3173,0.5104,0.2471,0.0816,925.3230
162,14,5.3914,0.5131,0.2485,0.0833,935.8160
162,20,5.3717,0.5167,0.2491,0.0826,932.0660
163,4,5.7163,0.5516,0.2612,0.0865,997.0760
163,11,5.3191,0.5061,0.2476,0.0823,928.4030
163,13,5.2730,0.5076,0.2473,0.0823,920.5800
163,15,5.3178,0.5157,0.2475,0.0824,929.1600
163,17,5.3375,0.5076,0.2478,0.0818,933.9760
164,1,5.3049,0.5075,0.2470,0.0819,931.9600
164,3,5.2731,0.5016,0.2453,0.0811,926.1340
164,13,5.3343,0.5145,0.2473,0.0809,936.5420
164,17,5.2624,0.5154,0.2471,0.0821,924.5600
164,20,5.4263,0.5224,0.2486,0.0832,953.7550
165,7,5.3374,0.5082,0.2487,0.0818,943.4510
165,10,5.4352,0.5224,0.2495,0.0829,960.1000
165,11,6.1038,0.5982,0.2782,0.0951,1083.8910
165,16,5.4623,0.5286,0.2584,0.0853,968.6010
165,19,5.4185,0.5174,0.2532,0.0849,958.9580
166,1,5.4666,0.5212,0.2526,0.0848,972.1730
166,5,5.4582,0.5255,0.2528,0.0838,970.4870
166,7,5.7048,0.5528,0.2607,0.0879,1016.3320
166,13,5.3351,0.5031,0.2462,0.0821,947.9050
166,15,5.2686,0.5039,0.2451,0.0808,936.8130
167,1,5.3038,0.5009,0.2462,0.0814,948.0130
167,2,5.2767,0.5078,0.2456,0.0819,944.2770
167,4,5.2258,0.5003,0.2465,0.0821,935.6920
167,6,5.3073,0.4993,0.2465,0.0818,948.6890
167,18,5.1796,0.4979,0.2443,0.0814,929.8700
168,3,5.3033,0.5013,0.2472,0.0819,954.7230
168,5,5.2808,0.5118,0.2474,0.0820,952.1820
168,14,5.2743,0.5006,0.2451,0.0807,950.0890
168,15,5.3019,0.5113,0.2454,0.0806,954.3780
168,17,5.2747,0.5069,0.2464,0.0820,950.2760
169,3,5.2218,0.4960,0.2449,0.0800,946.0680
169,11,5.2900,0.5041,0.2471,0.0821,958.5660
169,12,5.2292,0.4997,0.2451,0.0819,947.9150
169,13,5.2720,0.5039,0.2478,0.0827,955.6700
169,20,5.2455,0.5023,0.2463,0.0815,951.3980
170,1,5.2757,0.5091,0.2480,0.0833,961.9690
170,7,5.1902,0.4947,0.2469,0.0818,946.1540
170,11,5.2816,0.5001,0.2459,0.0818,962.1980
170,12,5.2166,0.4967,0.2479,0.0823,950.5980
170,16,5.2291,0.5043,0.2477,0.0821,953.7030
171,1,5.2248,0.5021,0.2493,0.0824,958.2720
171,6,5.1610,0.4939,0.2441,0.0810,946.2400
171,9,5.2496,0.5033,0.2473,0.0837,964.3330
171,13,5.2525,0.5019,0.2460,0.0815,962.8990
171,18,5.2229,0.4963,0.2473,0.0824,965.1420
172,13,5.2298,0.5027,0.2454,0.0814,964.8300
172,14,5.2141,0.4996,0.2482,0.0822,961.5600
172,15,5.2249,0.5017,0.2463,0.0819,963.9190
172,16,5.3613,0.5193,0.2481,0.0825,988.8560
172,19,5.2308,0.5015,0.2464,0.0815,965.3710
173,6,5.2073,0.4993,0.2461,0.0824,966.0090
173,9,5.2391,0.5030,0.2470,0.0823,972.5450
173,12,5.2452,0.5041,0.2471,0.0827,980.3490
173,13,5.2882,0.5071,0.2487,0.0829,982.9720
173,20,5.2255,0.5023,0.2470,0.0825,970.2750
174,2,5.2265,0.5028,0.2454,0.0820,979.9420
174,3,5.2588,0.5013,0.2448,0.0825,982.4460
174,12,5.2102,0.4957,0.2460,0.0816,972.6450
174,13,5.0765,0.4824,0.2427,0.0800,947.0410
174,15,5.1612,0.4918,0.2435,0.0806,962.4610
175,12,4.9517,0.4719,0.2379,0.0797,929.7580
175,13,4.9579,0.4697,0.2403,0.0789,930.9140
175,15,4.9449,0.4690,0.2377,0.0779,929.9210
175,18,4.9458,0.4674,0.2385,0.0801,929.5930
175,19,4.9457,0.4655,0.2395,0.0785,929.5040
176,3,4.9469,0.4686,0.2389,0.0790,934.9210
176,7,4.9515,0.4654,0.2391,0.0783,935.1800
176,12,4.9587,0.4688,0.2383,0.0793,936.3350
176,15,4.9387,0.4673,0.2387,0.0795,932.9140
176,17,4.9635,0.4697,0.2395,0.0779,937.4710
177,2,5.0440,0.4783,0.2457,0.0803,959.2130
177,3,5.1803,0.4900,0.2504,0.0834,984.3120
177,5,5.0460,0.4750,0.2440,0.0806,958.8990
177,12,5.0543,0.4782,0.2442,0.0808,960.1270
177,15,4.9537,0.4672,0.2379,0.0783,941.2450
178,1,5.0039,0.4732,0.2423,0.0805,955.5680
178,6,4.9699,0.4829,0.2395,0.0787,949.7020
178,11,5.0798,0.4782,0.2404,0.0797,969.8820
178,14,4.9200,0.4654,0.2366,0.0785,942.7700
178,15,4.9174,0.4633,0.2365,0.0785,939.5730
179,1,4.9089,0.4643,0.2376,0.0791,943.4630
179,6,4.9198,0.4644,0.2379,0.0779,945.6360
179,10,4.9409,0.4639,0.2381,0.0791,949.3330
179,13,4.9234,0.4636,0.2373,0.0778,945.6920
179,20,4.9300,0.4646,0.2381,0.0782,947.7890
180,2,4.9212,0.4649,0.2385,0.0783,951.4100
180,5,4.9304,0.4642,0.2377,0.0793,952.6330
180,6,4.9324,0.4659,0.2378,0.0784,954.2760
180,7,4.9121,0.4666,0.2392,0.0792,951.1880
180,17,4.9175,0.4680,0.2364,0.0790,950.6010
181,9,4.9116,0.4635,0.2381,0.0790,954.3950
181,10,4.9008,0.4640,0.2365,0.0785,953.3830
181,14,4.9122,0.4646,0.2384,0.0779,955.0090
181,15,4.9182,0.4654,0.2361,0.0788,955.4830
181,16,4.9044,0.4646,0.2376,0.0800,953.9740
182,3,4.9004,0.4663,0.2361,0.0784,958.1660
182,4,4.8977,0.4627,0.2379,0.0783,957.8220
182,5,4.9742,0.4747,0.2396,0.0791,973.0910
182,8,4.9302,0.4696,0.2390,0.0789,963.6730
182,10,4.9040,0.4644,0.2364,0.0791,959.4330
183,2,4.8957,0.4661,0.2351,0.0774,961.9850
183,4,4.8858,0.4611,0.2358,0.0792,960.3920
183,7,4.8862,0.4613,0.2359,0.0788,960.4710
183,12,4.8899,0.4647,0.2358,0.0787,961.1350
183,17,4.9361,0.4636,0.2368,0.0789,970.2280
184,8,4.8833,0.4605,0.2378,0.0787,965.1210
184,11,4.8805,0.4607,0.2360,0.0783,964.3810
184,14,4.8898,0.4629,0.2356,0.0793,966.3450
184,15,4.8917,0.4641,0.2372,0.0789,967.2520
184,16,4.8789,0.4615,0.2365,0.0787,964.4370
185,7,4.8923,0.4657,0.2359,0.0789,972.4610
185,9,4.8594,0.4588,0.2354,0.0781,965.6740
185,12,4.8745,0.4608,0.2363,0.0785,968.6570
185,18,4.8621,0.4603,0.2357,0.0788,968.3850
185,19,4.8678,0.4612,0.2356,0.0782,967.6260
186,2,4.8642,0.4585,0.2352,0.0780,971.9940
186,3,4.8537,0.4586,0.2356,0.0777,970.3640
186,8,4.8559,0.4610,0.2351,0.0778,970.4200
186,13,4.8719,0.4629,0.2356,0.0783,973.2170
186,20,4.8571,0.4582,0.2348,0.0790,970.6080
187,1,4.8641,0.4600,0.2363,0.0780,977.4230
187,9,4.8508,0.4597,0.2361,0.0783,975.0680
187,11,4.8523,0.4606,0.2355,0.0773,975.0840
187,12,4.8773,0.4629,0.2352,0.0787,980.2210
187,14,4.8731,0.4594,0.2368,0.0780,979.0480
188,1,4.8794,0.4598,0.2367,0.0792,985.7130
188,3,4.8768,0.4611,0.2359,0.0789,985.6490
188,10,4.8551,0.4590,0.2343,0.0783,980.5440
188,19,4.8680,0.4616,0.2360,0.0788,983.4950
188,20,4.8467,0.4557,0.2347,0.0778,979.6880
189,6,4.8412,0.4554,0.2355,0.0785,983.2420
189,9,4.8699,0.4631,0.2354,0.0784,989.0920
189,14,4.8532,0.4596,0.2358,0.0785,986.3580
189,16,4.8434,0.4582,0.2360,0.0781,984.1020
189,17,4.8449,0.4607,0.2359,0.0786,984.1160
190,1,4.8450,0.4589,0.2334,0.0776,989.1420
190,8,4.8473,0.4576,0.2360,0.0787,990.1000
190,15,4.8389,0.4599,0.2344,0.0779,988.4080
190,16,4.8457,0.4594,0.2348,0.0778,989.2060
190,19,4.8414,0.4585,0.2355,0.0772,988.7590
191,1,4.8336,0.4592,0.2334,0.0776,992.4940
191,4,4.8292,0.4551,0.2357,0.0786,991.4630
191,15,4.8355,0.4591,0.2352,0.0777,992.9490
191,16,4.8243,0.4581,0.2335,0.0778,990.4480
191,17,4.8299,0.4575,0.2352,0.0783,1000.2140
192,1,4.8191,0.4553,0.2341,0.0783,994.6910
192,2,4.8167,0.4560,0.2350,0.0780,994.0540
192,4,4.8319,0.4582,0.2350,0.0777,996.9210
192,10,4.8484,0.4595,0.2355,0.0786,1000.7370
192,15,4.8338,0.4589,0.2345,0.0781,997.5670
193,1,4.8137,0.4554,0.2344,0.0767,998.5330
193,5,4.8197,0.4586,0.2342,0.0771,999.9060
193,16,4.8304,0.4625,0.2351,0.0786,1002.3500
193,17,4.8332,0.4562,0.2346,0.0781,1002.8380
193,18,4.8717,0.4619,0.2355,0.0789,1010.3070
194,9,4.8451,0.4612,0.2349,0.0784,1010.2560
194,10,4.8275,0.4568,0.2329,0.0778,1007.1510
194,11,4.8310,0.4557,0.2337,0.0779,1007.3900
194,15,4.8261,0.4575,0.2343,0.0780,1008.1580
194,17,4.8279,0.4569,0.2353,0.0773,1006.8440
195,1,4.8263,0.4579,0.2340,0.0775,1011.7080
195,2,4.8179,0.4574,0.2338,0.0781,1010.0910
195,13,4.8910,0.4619,0.2378,0.0795,1026.2280
195,15,4.9683,0.4805,0.2368,0.0790,1042.1460
195,19,4.8376,0.4585,0.2341,0.0795,1014.2360
196,1,5.3308,0.5171,0.2567,0.0864,1125.4860
196,2,5.0655,0.4785,0.2574,0.0812,1068.2200
196,14,4.8862,0.4618,0.2378,0.0795,1030.0470
196,18,4.8947,0.4629,0.2389,0.0791,1031.2460
196,20,4.9544,0.4707,0.2414,0.0819,1043.6840
197,2,4.9394,0.4684,0.2390,0.0797,1046.4430
197,8,5.2548,0.5049,0.2441,0.0827,1111.3740
197,15,4.9778,0.4688,0.2385,0.0797,1052.9010
197,16,5.0575,0.4739,0.2388,0.0803,1069.6180
197,18,4.9525,0.4661,0.2386,0.0804,1048.6930
198,8,5.1065,0.4769,0.2412,0.0801,1085.0800
198,10,4.9175,0.4678,0.2411,0.0803,1046.8400
198,13,5.2740,0.5014,0.2425,0.0816,1120.4910
198,15,5.1299,0.4849,0.2403,0.0798,1089.8110
198,16,5.1551,0.4797,0.2404,0.0800,1094.7110
199,6,5.0958,0.4817,0.2389,0.0801,1088.0140
199,10,5.1224,0.4845,0.2394,0.0798,1094.0720
199,14,5.1209,0.4847,0.2390,0.0802,1094.3180
199,15,5.1831,0.4850,0.2372,0.0795,1105.9230
199,20,5.0773,0.4834,0.2374,0.0796,1085.3050
200,1,5.0809,0.4852,0.2385,0.0804,1091.0650
200,5,4.9703,0.4813,0.2397,0.0790,1069.4260
200,7,5.1252,0.4817,0.2386,0.0801,1103.3400
200,9,5.1038,0.4790,0.2393,0.0796,1095.7210
200,18,5.2921,0.5046,0.2463,0.0820,1136.9020
